Номер;Время (Киев);Монета;Направление;Entry;Stop Loss;Take Profit 1;Take Profit 2;Exit;PnL %;Score
1;13.10.2025 08:20:57;XRPUSDT;LONG;2.5616;2.5396;2.5836;2.6057;2.5396;-0.86;2.0
2;13.10.2025 08:20:57;XRPUSDT;LONG;2.5616;2.5396;2.5836;2.6057;2.5396;-0.86;2.0
3;13.10.2025 08:20:57;XRPUSDT;LONG;2.5616;2.5396;2.5836;2.6057;2.5396;-0.86;2.0
4;13.10.2025 08:20:57;XRPUSDT;LONG;2.5616;2.5396;2.5836;2.6057;2.5396;-0.86;2.0
5;13.10.2025 08:20:57;XRPUSDT;LONG;2.5616;2.5396;2.5836;2.6057;2.5396;-0.86;2.0
6;13.10.2025 08:23:34;ZECUSDT;LONG;286.9700;268.0738;305.8662;324.7624;268.0738;-6.58;2.0
7;13.10.2025 08:23:34;ZECUSDT;LONG;286.9700;268.0738;305.8662;324.7624;268.0738;-6.58;2.0
8;13.10.2025 08:23:34;ZECUSDT;LONG;286.9700;268.0738;305.8662;324.7624;268.0738;-6.58;2.0
9;13.10.2025 08:23:34;ZECUSDT;LONG;286.9700;268.0738;305.8662;324.7624;268.0738;-6.58;2.0
10;13.10.2025 08:23:34;ZECUSDT;LONG;286.9700;268.0738;305.8662;324.7624;268.0738;-6.58;2.0
11;13.10.2025 09:20:37;MUSDT;LONG;2.0487;2.0249;2.0725;2.0963;2.0249;-1.16;2.0
12;13.10.2025 09:20:37;MUSDT;LONG;2.0487;2.0249;2.0725;2.0963;2.0249;-1.16;2.0
13;13.10.2025 09:20:37;MUSDT;LONG;2.0487;2.0249;2.0725;2.0963;2.0249;-1.16;2.0
14;13.10.2025 09:20:37;MUSDT;LONG;2.0487;2.0249;2.0725;2.0963;2.0249;-1.16;2.0
15;13.10.2025 09:20:37;MUSDT;LONG;2.0487;2.0249;2.0725;2.0963;2.0249;-1.16;2.0
16;13.10.2025 09:50:20;RDNTUSDT;LONG;0.0257;0.0248;0.0265;0.0273;0.0248;-3.21;2.0
17;13.10.2025 09:50:20;RDNTUSDT;LONG;0.0257;0.0248;0.0265;0.0273;0.0248;-3.21;2.0
18;13.10.2025 09:50:20;RDNTUSDT;LONG;0.0257;0.0248;0.0265;0.0273;0.0248;-3.21;2.0
19;13.10.2025 09:50:20;RDNTUSDT;LONG;0.0257;0.0248;0.0265;0.0273;0.0248;-3.21;2.0
20;13.10.2025 09:50:20;RDNTUSDT;LONG;0.0257;0.0248;0.0265;0.0273;0.0248;-3.21;2.0
21;13.10.2025 10:06:26;MORPHOUSDT;LONG;1.9863;1.9688;2.0038;2.0214;1.9688;-0.88;2.0
22;13.10.2025 10:06:26;MORPHOUSDT;LONG;1.9863;1.9688;2.0038;2.0214;1.9688;-0.88;2.0
23;13.10.2025 10:06:26;MORPHOUSDT;LONG;1.9863;1.9688;2.0038;2.0214;1.9688;-0.88;2.0
24;13.10.2025 10:06:26;MORPHOUSDT;LONG;1.9863;1.9688;2.0038;2.0214;1.9688;-0.88;2.0
25;13.10.2025 10:06:26;MORPHOUSDT;LONG;1.9863;1.9688;2.0038;2.0214;1.9688;-0.88;2.0
26;13.10.2025 10:16:11;KERNELUSDT;LONG;0.1735;0.1681;0.1789;0.1843;0.1681;-3.11;2.0
27;13.10.2025 10:16:11;KERNELUSDT;LONG;0.1735;0.1681;0.1789;0.1843;0.1681;-3.11;2.0
28;13.10.2025 10:16:11;KERNELUSDT;LONG;0.1735;0.1681;0.1789;0.1843;0.1681;-3.11;2.0
29;13.10.2025 10:16:11;KERNELUSDT;LONG;0.1735;0.1681;0.1789;0.1843;0.1681;-3.11;2.0
30;13.10.2025 10:16:11;KERNELUSDT;LONG;0.1735;0.1681;0.1789;0.1843;0.1681;-3.11;2.0
31;13.10.2025 10:33:24;ZECUSDT;LONG;270.7100;267.2292;274.1908;277.6715;267.2292;-1.29;2.0
32;13.10.2025 10:33:24;ZECUSDT;LONG;270.7100;267.2292;274.1908;277.6715;267.2292;-1.29;2.0
33;13.10.2025 10:33:24;ZECUSDT;LONG;270.7100;267.2292;274.1908;277.6715;267.2292;-1.29;2.0
34;13.10.2025 10:33:24;ZECUSDT;LONG;270.7100;267.2292;274.1908;277.6715;267.2292;-1.29;2.0
35;13.10.2025 10:33:24;ZECUSDT;LONG;270.7100;267.2292;274.1908;277.6715;267.2292;-1.29;2.0
36;13.10.2025 11:07:42;HIPPOUSDT;LONG;0.0014;0.0014;0.0014;0.0015;0.0014;-2.10;2.0
37;13.10.2025 11:07:42;HIPPOUSDT;LONG;0.0014;0.0014;0.0014;0.0015;0.0014;-2.10;2.0
38;13.10.2025 11:07:42;HIPPOUSDT;LONG;0.0014;0.0014;0.0014;0.0015;0.0014;-2.10;2.0
39;13.10.2025 11:07:42;HIPPOUSDT;LONG;0.0014;0.0014;0.0014;0.0015;0.0014;-2.10;2.0
40;13.10.2025 11:07:42;HIPPOUSDT;LONG;0.0014;0.0014;0.0014;0.0015;0.0014;-2.10;2.0
41;13.10.2025 11:47:05;TWTUSDT;LONG;1.4916;1.4503;1.5292;1.5686;1.4503;-2.77;3.0
42;13.10.2025 11:47:05;TWTUSDT;LONG;1.4916;1.4503;1.5292;1.5686;1.4503;-2.77;3.0
43;13.10.2025 11:47:05;TWTUSDT;LONG;1.4916;1.4503;1.5292;1.5686;1.4503;-2.77;3.0
44;13.10.2025 11:47:05;TWTUSDT;LONG;1.4916;1.4503;1.5292;1.5686;1.4503;-2.77;3.0
45;13.10.2025 11:47:05;TWTUSDT;LONG;1.4916;1.4503;1.5292;1.5686;1.4503;-2.77;3.0
46;13.10.2025 12:04:41;KERNELUSDT;LONG;0.1691;0.1668;0.1714;0.1737;0.1668;-1.37;2.0
47;13.10.2025 12:04:41;KERNELUSDT;LONG;0.1691;0.1668;0.1714;0.1737;0.1668;-1.37;2.0
48;13.10.2025 12:04:41;KERNELUSDT;LONG;0.1691;0.1668;0.1714;0.1737;0.1668;-1.37;2.0
49;13.10.2025 12:04:41;KERNELUSDT;LONG;0.1691;0.1668;0.1714;0.1737;0.1668;-1.37;2.0
50;13.10.2025 12:04:41;KERNELUSDT;LONG;0.1691;0.1668;0.1714;0.1737;0.1668;-1.37;2.0
51;13.10.2025 13:07:19;XMRUSDT;LONG;314.0700;309.0624;318.4970;323.2144;309.0624;-1.59;3.0
52;13.10.2025 13:07:19;XMRUSDT;LONG;314.0700;309.0624;318.4970;323.2144;309.0624;-1.59;3.0
53;13.10.2025 13:07:19;XMRUSDT;LONG;314.0700;309.0624;318.4970;323.2144;309.0624;-1.59;3.0
54;13.10.2025 13:07:19;XMRUSDT;LONG;314.0700;309.0624;318.4970;323.2144;309.0624;-1.59;3.0
55;13.10.2025 13:07:19;XMRUSDT;LONG;314.0700;309.0624;318.4970;323.2144;309.0624;-1.59;3.0
56;13.10.2025 13:10:41;DOTUSDT;LONG;3.3540;3.2962;3.4047;3.4590;3.2962;-1.72;2.0
57;13.10.2025 13:10:41;DOTUSDT;LONG;3.3540;3.2962;3.4047;3.4590;3.2962;-1.72;2.0
58;13.10.2025 13:10:41;DOTUSDT;LONG;3.3540;3.2962;3.4047;3.4590;3.2962;-1.72;2.0
59;13.10.2025 13:10:41;DOTUSDT;LONG;3.3540;3.2962;3.4047;3.4590;3.2962;-1.72;2.0
60;13.10.2025 13:10:41;DOTUSDT;LONG;3.3540;3.2962;3.4047;3.4590;3.2962;-1.72;2.0
61;13.10.2025 13:12:41;NEARUSDT;LONG;2.5450;2.4968;2.5871;2.6323;2.4968;-1.90;2.0
62;13.10.2025 13:12:41;NEARUSDT;LONG;2.5450;2.4968;2.5871;2.6323;2.4968;-1.90;2.0
63;13.10.2025 13:12:41;NEARUSDT;LONG;2.5450;2.4968;2.5871;2.6323;2.4968;-1.90;2.0
64;13.10.2025 13:12:41;NEARUSDT;LONG;2.5450;2.4968;2.5871;2.6323;2.4968;-1.90;2.0
65;13.10.2025 13:12:41;NEARUSDT;LONG;2.5450;2.4968;2.5871;2.6323;2.4968;-1.90;2.0
66;13.10.2025 13:13:32;AXSUSDT;LONG;1.7610;1.7301;1.7884;1.8175;1.7301;-1.75;2.0
67;13.10.2025 13:13:32;AXSUSDT;LONG;1.7610;1.7301;1.7884;1.8175;1.7301;-1.75;2.0
68;13.10.2025 13:13:32;AXSUSDT;LONG;1.7610;1.7301;1.7884;1.8175;1.7301;-1.75;2.0
69;13.10.2025 13:13:32;AXSUSDT;LONG;1.7610;1.7301;1.7884;1.8175;1.7301;-1.75;2.0
70;13.10.2025 13:13:32;AXSUSDT;LONG;1.7610;1.7301;1.7884;1.8175;1.7301;-1.75;2.0
71;13.10.2025 13:14:25;SANDUSDT;LONG;0.2264;0.2219;0.2304;0.2346;0.2219;-1.98;2.0
72;13.10.2025 13:14:25;SANDUSDT;LONG;0.2264;0.2219;0.2304;0.2346;0.2219;-1.98;2.0
73;13.10.2025 13:14:25;SANDUSDT;LONG;0.2264;0.2219;0.2304;0.2346;0.2219;-1.98;2.0
74;13.10.2025 13:14:25;SANDUSDT;LONG;0.2264;0.2219;0.2304;0.2346;0.2219;-1.98;2.0
75;13.10.2025 13:14:25;SANDUSDT;LONG;0.2264;0.2219;0.2304;0.2346;0.2219;-1.98;2.0
76;13.10.2025 13:14:42;ALICEUSDT;LONG;0.4620;0.4232;0.4954;0.5315;0.4232;-8.39;2.0
77;13.10.2025 13:14:42;ALICEUSDT;LONG;0.4620;0.4232;0.4954;0.5315;0.4232;-8.39;2.0
78;13.10.2025 13:14:42;ALICEUSDT;LONG;0.4620;0.4232;0.4954;0.5315;0.4232;-8.39;2.0
79;13.10.2025 13:14:42;ALICEUSDT;LONG;0.4620;0.4232;0.4954;0.5315;0.4232;-8.39;2.0
80;13.10.2025 13:14:42;ALICEUSDT;LONG;0.4620;0.4232;0.4954;0.5315;0.4232;-8.39;2.0
81;13.10.2025 13:17:00;ROSEUSDT;LONG;0.0214;0.0207;0.0220;0.0226;0.0207;-3.15;2.0
82;13.10.2025 13:17:00;ROSEUSDT;LONG;0.0214;0.0207;0.0220;0.0226;0.0207;-3.15;2.0
83;13.10.2025 13:17:00;ROSEUSDT;LONG;0.0214;0.0207;0.0220;0.0226;0.0207;-3.15;2.0
84;13.10.2025 13:17:00;ROSEUSDT;LONG;0.0214;0.0207;0.0220;0.0226;0.0207;-3.15;2.0
85;13.10.2025 13:17:00;ROSEUSDT;LONG;0.0214;0.0207;0.0220;0.0226;0.0207;-3.15;2.0
86;13.10.2025 13:19:50;FETUSDT;LONG;0.3803;0.3753;0.3853;0.3902;0.3753;-1.31;2.0
87;13.10.2025 13:19:50;FETUSDT;LONG;0.3803;0.3753;0.3853;0.3902;0.3753;-1.31;2.0
88;13.10.2025 13:19:50;FETUSDT;LONG;0.3803;0.3753;0.3853;0.3902;0.3753;-1.31;2.0
89;13.10.2025 13:19:50;FETUSDT;LONG;0.3803;0.3753;0.3853;0.3902;0.3753;-1.31;2.0
90;13.10.2025 13:19:50;FETUSDT;LONG;0.3803;0.3753;0.3853;0.3902;0.3753;-1.31;2.0
91;13.10.2025 13:21:07;EDUUSDT;LONG;0.1259;0.1230;0.1284;0.1310;0.1230;-2.27;2.0
92;13.10.2025 13:21:07;EDUUSDT;LONG;0.1259;0.1230;0.1284;0.1310;0.1230;-2.27;2.0
93;13.10.2025 13:21:07;EDUUSDT;LONG;0.1259;0.1230;0.1284;0.1310;0.1230;-2.27;2.0
94;13.10.2025 13:21:07;EDUUSDT;LONG;0.1259;0.1230;0.1284;0.1310;0.1230;-2.27;2.0
95;13.10.2025 13:21:07;EDUUSDT;LONG;0.1259;0.1230;0.1284;0.1310;0.1230;-2.27;2.0
96;13.10.2025 13:21:41;1000PEPEUSDT;LONG;0.0076;0.0075;0.0077;0.0078;0.0075;-1.04;2.0
97;13.10.2025 13:21:41;1000PEPEUSDT;LONG;0.0076;0.0075;0.0077;0.0078;0.0075;-1.04;2.0
98;13.10.2025 13:21:41;1000PEPEUSDT;LONG;0.0076;0.0075;0.0077;0.0078;0.0075;-1.04;2.0
99;13.10.2025 13:21:41;1000PEPEUSDT;LONG;0.0076;0.0075;0.0077;0.0078;0.0075;-1.04;2.0
100;13.10.2025 13:21:41;1000PEPEUSDT;LONG;0.0076;0.0075;0.0077;0.0078;0.0075;-1.04;2.0
101;13.10.2025 13:24:30;PYTHUSDT;LONG;0.1250;0.1212;0.1285;0.1321;0.1212;-3.05;2.0
102;13.10.2025 13:24:30;PYTHUSDT;LONG;0.1250;0.1212;0.1285;0.1321;0.1212;-3.05;2.0
103;13.10.2025 13:24:30;PYTHUSDT;LONG;0.1250;0.1212;0.1285;0.1321;0.1212;-3.05;2.0
104;13.10.2025 13:24:30;PYTHUSDT;LONG;0.1250;0.1212;0.1285;0.1321;0.1212;-3.05;2.0
105;13.10.2025 13:24:30;PYTHUSDT;LONG;0.1250;0.1212;0.1285;0.1321;0.1212;-3.05;2.0
106;13.10.2025 13:25:30;XAIUSDT;LONG;0.0294;0.0288;0.0299;0.0305;0.0288;-1.86;2.0
107;13.10.2025 13:25:30;XAIUSDT;LONG;0.0294;0.0288;0.0299;0.0305;0.0288;-1.86;2.0
108;13.10.2025 13:25:30;XAIUSDT;LONG;0.0294;0.0288;0.0299;0.0305;0.0288;-1.86;2.0
109;13.10.2025 13:25:30;XAIUSDT;LONG;0.0294;0.0288;0.0299;0.0305;0.0288;-1.86;2.0
110;13.10.2025 13:25:30;XAIUSDT;LONG;0.0294;0.0288;0.0299;0.0305;0.0288;-1.86;2.0
111;13.10.2025 13:28:14;ETHFIUSDT;LONG;1.2768;1.2368;1.3168;1.3569;1.2368;-3.14;2.0
112;13.10.2025 13:28:14;ETHFIUSDT;LONG;1.2768;1.2368;1.3168;1.3569;1.2368;-3.14;2.0
113;13.10.2025 13:28:14;ETHFIUSDT;LONG;1.2768;1.2368;1.3168;1.3569;1.2368;-3.14;2.0
114;13.10.2025 13:28:14;ETHFIUSDT;LONG;1.2768;1.2368;1.3168;1.3569;1.2368;-3.14;2.0
115;13.10.2025 13:28:14;ETHFIUSDT;LONG;1.2768;1.2368;1.3168;1.3569;1.2368;-3.14;2.0
116;13.10.2025 13:28:31;WUSDT;LONG;0.0865;0.0834;0.0897;0.0928;0.0834;-3.64;2.0
117;13.10.2025 13:28:31;WUSDT;LONG;0.0865;0.0834;0.0897;0.0928;0.0834;-3.64;2.0
118;13.10.2025 13:28:31;WUSDT;LONG;0.0865;0.0834;0.0897;0.0928;0.0834;-3.64;2.0
119;13.10.2025 13:28:31;WUSDT;LONG;0.0865;0.0834;0.0897;0.0928;0.0834;-3.64;2.0
120;13.10.2025 13:28:31;WUSDT;LONG;0.0865;0.0834;0.0897;0.0928;0.0834;-3.64;2.0
121;13.10.2025 13:30:45;ZROUSDT;LONG;1.9873;1.9314;2.0387;2.0923;1.9314;-2.82;2.0
122;13.10.2025 13:30:45;ZROUSDT;LONG;1.9873;1.9314;2.0387;2.0923;1.9314;-2.82;2.0
123;13.10.2025 13:30:45;ZROUSDT;LONG;1.9873;1.9314;2.0387;2.0923;1.9314;-2.82;2.0
124;13.10.2025 13:30:45;ZROUSDT;LONG;1.9873;1.9314;2.0387;2.0923;1.9314;-2.82;2.0
125;13.10.2025 13:30:45;ZROUSDT;LONG;1.9873;1.9314;2.0387;2.0923;1.9314;-2.82;2.0
126;13.10.2025 13:34:43;DRIFTUSDT;LONG;0.6040;0.5883;0.6197;0.6354;0.5883;-2.60;2.0
127;13.10.2025 13:34:43;DRIFTUSDT;LONG;0.6040;0.5883;0.6197;0.6354;0.5883;-2.60;2.0
128;13.10.2025 13:34:43;DRIFTUSDT;LONG;0.6040;0.5883;0.6197;0.6354;0.5883;-2.60;2.0
129;13.10.2025 13:34:43;DRIFTUSDT;LONG;0.6040;0.5883;0.6197;0.6354;0.5883;-2.60;2.0
130;13.10.2025 13:34:43;DRIFTUSDT;LONG;0.6040;0.5883;0.6197;0.6354;0.5883;-2.60;2.0
131;13.10.2025 13:35:01;PNUTUSDT;LONG;0.1516;0.1493;0.1538;0.1561;0.1493;-1.49;2.0
132;13.10.2025 13:35:01;PNUTUSDT;LONG;0.1516;0.1493;0.1538;0.1561;0.1493;-1.49;2.0
133;13.10.2025 13:35:01;PNUTUSDT;LONG;0.1516;0.1493;0.1538;0.1561;0.1493;-1.49;2.0
134;13.10.2025 13:35:01;PNUTUSDT;LONG;0.1516;0.1493;0.1538;0.1561;0.1493;-1.49;2.0
135;13.10.2025 13:35:01;PNUTUSDT;LONG;0.1516;0.1493;0.1538;0.1561;0.1493;-1.49;2.0
136;13.10.2025 13:39:17;ZEREBROUSDT;LONG;0.0509;0.0432;0.0586;0.0663;0.0432;-15.09;2.0
137;13.10.2025 13:39:17;ZEREBROUSDT;LONG;0.0509;0.0432;0.0586;0.0663;0.0432;-15.09;2.0
138;13.10.2025 13:39:17;ZEREBROUSDT;LONG;0.0509;0.0432;0.0586;0.0663;0.0432;-15.09;2.0
139;13.10.2025 13:39:17;ZEREBROUSDT;LONG;0.0509;0.0432;0.0586;0.0663;0.0432;-15.09;2.0
140;13.10.2025 13:39:17;ZEREBROUSDT;LONG;0.0509;0.0432;0.0586;0.0663;0.0432;-15.09;2.0
141;13.10.2025 13:45:18;INITUSDT;LONG;0.2030;0.1980;0.2074;0.2120;0.1980;-2.48;2.0
142;13.10.2025 13:45:18;INITUSDT;LONG;0.2030;0.1980;0.2074;0.2120;0.1980;-2.48;2.0
143;13.10.2025 13:45:18;INITUSDT;LONG;0.2030;0.1980;0.2074;0.2120;0.1980;-2.48;2.0
144;13.10.2025 13:45:18;INITUSDT;LONG;0.2030;0.1980;0.2074;0.2120;0.1980;-2.48;2.0
145;13.10.2025 13:45:18;INITUSDT;LONG;0.2030;0.1980;0.2074;0.2120;0.1980;-2.48;2.0
146;13.10.2025 13:45:52;HYPERUSDT;LONG;0.2191;0.2135;0.2240;0.2293;0.2135;-2.55;2.0
147;13.10.2025 13:45:52;HYPERUSDT;LONG;0.2191;0.2135;0.2240;0.2293;0.2135;-2.55;2.0
148;13.10.2025 13:45:52;HYPERUSDT;LONG;0.2191;0.2135;0.2240;0.2293;0.2135;-2.55;2.0
149;13.10.2025 13:45:52;HYPERUSDT;LONG;0.2191;0.2135;0.2240;0.2293;0.2135;-2.55;2.0
150;13.10.2025 13:45:52;HYPERUSDT;LONG;0.2191;0.2135;0.2240;0.2293;0.2135;-2.55;2.0
151;13.10.2025 14:02:13;LINKUSDT;LONG;19.7090;19.4055;19.9750;20.2597;19.4055;-1.54;2.0
152;13.10.2025 14:02:13;LINKUSDT;LONG;19.7090;19.4055;19.9750;20.2597;19.4055;-1.54;2.0
153;13.10.2025 14:02:13;LINKUSDT;LONG;19.7090;19.4055;19.9750;20.2597;19.4055;-1.54;2.0
154;13.10.2025 14:02:13;LINKUSDT;LONG;19.7090;19.4055;19.9750;20.2597;19.4055;-1.54;2.0
155;13.10.2025 14:02:13;LINKUSDT;LONG;19.7090;19.4055;19.9750;20.2597;19.4055;-1.54;2.0
156;13.10.2025 14:11:20;CHZUSDT;LONG;0.0361;0.0356;0.0366;0.0372;0.0356;-1.60;2.0
157;13.10.2025 14:11:20;CHZUSDT;LONG;0.0361;0.0356;0.0366;0.0372;0.0356;-1.60;2.0
158;13.10.2025 14:11:20;CHZUSDT;LONG;0.0361;0.0356;0.0366;0.0372;0.0356;-1.60;2.0
159;13.10.2025 14:11:20;CHZUSDT;LONG;0.0361;0.0356;0.0366;0.0372;0.0356;-1.60;2.0
160;13.10.2025 14:11:20;CHZUSDT;LONG;0.0361;0.0356;0.0366;0.0372;0.0356;-1.60;2.0
161;13.10.2025 14:18:25;MAGICUSDT;LONG;0.1711;0.1614;0.1794;0.1884;0.1614;-5.65;2.0
162;13.10.2025 14:18:25;MAGICUSDT;LONG;0.1711;0.1614;0.1794;0.1884;0.1614;-5.65;2.0
163;13.10.2025 14:18:25;MAGICUSDT;LONG;0.1711;0.1614;0.1794;0.1884;0.1614;-5.65;2.0
164;13.10.2025 14:18:25;MAGICUSDT;LONG;0.1711;0.1614;0.1794;0.1884;0.1614;-5.65;2.0
165;13.10.2025 14:18:25;MAGICUSDT;LONG;0.1711;0.1614;0.1794;0.1884;0.1614;-5.65;2.0
166;13.10.2025 14:20:37;1000FLOKIUSDT;LONG;0.0738;0.0721;0.0755;0.0772;0.0721;-2.30;2.0
167;13.10.2025 14:20:37;1000FLOKIUSDT;LONG;0.0738;0.0721;0.0755;0.0772;0.0721;-2.30;2.0
168;13.10.2025 14:20:37;1000FLOKIUSDT;LONG;0.0738;0.0721;0.0755;0.0772;0.0721;-2.30;2.0
169;13.10.2025 14:20:37;1000FLOKIUSDT;LONG;0.0738;0.0721;0.0755;0.0772;0.0721;-2.30;2.0
170;13.10.2025 14:20:37;1000FLOKIUSDT;LONG;0.0738;0.0721;0.0755;0.0772;0.0721;-2.30;2.0
171;13.10.2025 14:24:39;ONDOUSDT;LONG;0.8142;0.8008;0.8276;0.8410;0.8008;-1.64;2.0
172;13.10.2025 14:24:39;ONDOUSDT;LONG;0.8142;0.8008;0.8276;0.8410;0.8008;-1.64;2.0
173;13.10.2025 14:24:39;ONDOUSDT;LONG;0.8142;0.8008;0.8276;0.8410;0.8008;-1.64;2.0
174;13.10.2025 14:24:39;ONDOUSDT;LONG;0.8142;0.8008;0.8276;0.8410;0.8008;-1.64;2.0
175;13.10.2025 14:24:39;ONDOUSDT;LONG;0.8142;0.8008;0.8276;0.8410;0.8008;-1.64;2.0
176;13.10.2025 14:34:16;PNUTUSDT;LONG;0.1514;0.1493;0.1536;0.1557;0.1493;-1.42;2.0
177;13.10.2025 14:34:16;PNUTUSDT;LONG;0.1514;0.1493;0.1536;0.1557;0.1493;-1.42;2.0
178;13.10.2025 14:34:16;PNUTUSDT;LONG;0.1514;0.1493;0.1536;0.1557;0.1493;-1.42;2.0
179;13.10.2025 14:34:16;PNUTUSDT;LONG;0.1514;0.1493;0.1536;0.1557;0.1493;-1.42;2.0
180;13.10.2025 14:34:16;PNUTUSDT;LONG;0.1514;0.1493;0.1536;0.1557;0.1493;-1.42;2.0
181;13.10.2025 14:42:21;KAITOUSDT;LONG;1.1922;1.1719;1.2099;1.2289;1.1719;-1.70;3.0
182;13.10.2025 14:42:21;KAITOUSDT;LONG;1.1922;1.1719;1.2099;1.2289;1.1719;-1.70;3.0
183;13.10.2025 14:42:21;KAITOUSDT;LONG;1.1922;1.1719;1.2099;1.2289;1.1719;-1.70;3.0
184;13.10.2025 14:42:21;KAITOUSDT;LONG;1.1922;1.1719;1.2099;1.2289;1.1719;-1.70;3.0
185;13.10.2025 14:42:21;KAITOUSDT;LONG;1.1922;1.1719;1.2099;1.2289;1.1719;-1.70;3.0
186;13.10.2025 14:45:01;PAXGUSDT;LONG;4082.8200;4077.6997;4087.9403;4093.0606;4077.6997;-0.13;2.0
187;13.10.2025 14:45:01;PAXGUSDT;LONG;4082.8200;4077.6997;4087.9403;4093.0606;4077.6997;-0.13;2.0
188;13.10.2025 14:45:01;PAXGUSDT;LONG;4082.8200;4077.6997;4087.9403;4093.0606;4077.6997;-0.13;2.0
189;13.10.2025 14:45:01;PAXGUSDT;LONG;4082.8200;4077.6997;4087.9403;4093.0606;4077.6997;-0.13;2.0
190;13.10.2025 14:45:01;PAXGUSDT;LONG;4082.8200;4077.6997;4087.9403;4093.0606;4077.6997;-0.13;2.0
191;13.10.2025 14:50:25;BDXNUSDT;LONG;0.0390;0.0311;0.0470;0.0550;0.0311;-20.44;2.0
192;13.10.2025 14:50:25;BDXNUSDT;LONG;0.0390;0.0311;0.0470;0.0550;0.0311;-20.44;2.0
193;13.10.2025 14:50:25;BDXNUSDT;LONG;0.0390;0.0311;0.0470;0.0550;0.0311;-20.44;2.0
194;13.10.2025 14:50:25;BDXNUSDT;LONG;0.0390;0.0311;0.0470;0.0550;0.0311;-20.44;2.0
195;13.10.2025 14:50:25;BDXNUSDT;LONG;0.0390;0.0311;0.0470;0.0550;0.0311;-20.44;2.0
196;13.10.2025 14:54:36;HUSDT;LONG;0.0993;0.0908;0.1070;0.1151;0.0908;-8.60;2.0
197;13.10.2025 14:54:36;HUSDT;LONG;0.0993;0.0908;0.1070;0.1151;0.0908;-8.60;2.0
198;13.10.2025 14:54:36;HUSDT;LONG;0.0993;0.0908;0.1070;0.1151;0.0908;-8.60;2.0
199;13.10.2025 14:54:36;HUSDT;LONG;0.0993;0.0908;0.1070;0.1151;0.0908;-8.60;2.0
200;13.10.2025 14:54:36;HUSDT;LONG;0.0993;0.0908;0.1070;0.1151;0.0908;-8.60;2.0
201;15.10.2025 05:15:13;DEXEUSDT;LONG;7.0610;6.8501;7.2719;7.4829;6.8501;-2.99;3.5
202;15.10.2025 05:58:41;WUSDT;LONG;0.0844;0.0829;0.0859;0.0873;0.0829;-1.76;3.5
203;15.10.2025 06:09:27;FORMUSDT;LONG;1.1176;1.0799;1.1553;1.1930;1.0799;-3.37;3.5
204;16.10.2025 13:11:20;KERNELUSDT;LONG;0.1887;0.1858;0.1917;0.1947;0.1858;-1.57;6.7
205;16.10.2025 13:17:53;USELESSUSDT;SHORT;0.3519;-;-;-;0.3738;-6.22;-
206;16.10.2025 13:19:28;NAORISUSDT;LONG;0.0537;0.0526;0.0547;0.0557;0.0526;-1.91;6.7
207;16.10.2025 13:22:19;HEMIUSDT;LONG;0.0657;0.0652;0.0662;0.0667;0.0652;-0.73;6.7
208;16.10.2025 14:23:25;DASHUSDT;LONG;47.5045;47.0171;47.9919;48.4793;47.0171;-1.03;4.7
209;17.10.2025 10:57:11;JELLYJELLYUSDT;SHORT;0.0705;0.0712;0.0694;0.0686;0.0712;-1.06;7.2
210;17.10.2025 10:57:11;JELLYJELLYUSDT;SHORT;0.0705;0.0712;0.0694;0.0686;0.0712;-1.06;7.2
211;17.10.2025 13:19:30;PUMPUSDT;SHORT;0.0033;0.0034;0.0032;0.0031;0.0034;-3.11;7.3
212;17.10.2025 13:19:30;PUMPUSDT;SHORT;0.0033;0.0034;0.0032;0.0031;0.0034;-2.52;7.3
213;17.10.2025 13:19:30;PUMPUSDT;SHORT;0.0033;0.0034;0.0032;0.0031;0.0034;-3.11;7.3
214;17.10.2025 13:19:30;PUMPUSDT;SHORT;0.0033;0.0034;0.0032;0.0031;0.0034;-2.52;7.3
215;17.10.2025 14:50:42;JELLYJELLYUSDT;SHORT;0.0708;0.0716;0.0697;0.0689;0.0716;-1.10;7.8
216;17.10.2025 14:50:42;JELLYJELLYUSDT;SHORT;0.0708;0.0716;0.0697;0.0689;0.0716;-1.10;7.8
217;17.10.2025 19:25:59;DASHUSDT;LONG;43.4792;42.7630;44.5536;45.2698;42.7630;-1.65;8.2
218;17.10.2025 19:25:59;DASHUSDT;LONG;43.4792;42.7630;44.5536;45.2698;42.7630;-1.65;8.2
219;17.10.2025 19:27:21;BNBUSDT;LONG;1080.8424;1068.5634;1099.2608;1111.5398;1068.5634;-1.14;8.3
220;17.10.2025 19:27:21;BNBUSDT;LONG;1080.8424;1068.5634;1099.2608;1111.5398;1068.5634;-1.14;8.3
221;17.10.2025 19:42:29;ALICEUSDT;LONG;0.3953;0.3853;0.4103;0.4203;0.3853;-2.53;13.5
222;17.10.2025 19:42:29;ALICEUSDT;LONG;0.3953;0.3853;0.4103;0.4203;0.3853;-2.53;13.5
223;19.10.2025 06:38:49;MAGICUSDT;SHORT;0.1405;-;-;-;0.1413;-0.56;-
224;19.10.2025 06:39:51;SKYAIUSDT;SHORT;0.0244;-;-;-;0.0247;-1.02;-
225;19.10.2025 11:15:43;ZORAUSDT;SHORT;0.0915;0.0928;0.0896;0.0884;0.0928;-1.38;6.6
226;20.10.2025 02:50:05;XPINUSDT;LONG;0.0044;0.0043;0.0047;0.0048;0.0043;-3.35;14.0
227;20.10.2025 02:50:05;XPINUSDT;LONG;0.0044;0.0043;0.0047;0.0048;0.0043;-3.35;14.0
228;20.10.2025 04:04:40;SLERFUSDT;LONG;0.0683;0.0670;0.0704;0.0717;0.0670;-1.96;7.2
229;20.10.2025 04:04:40;SLERFUSDT;LONG;0.0683;0.0670;0.0704;0.0717;0.0670;-1.96;7.2
230;20.10.2025 04:42:16;ZECUSDT;LONG;240.6000;236.4688;246.7968;250.9280;236.4688;-1.72;4.1
231;20.10.2025 04:42:16;ZECUSDT;LONG;240.6000;236.4688;246.7968;250.9280;236.4688;-1.72;4.1
232;20.10.2025 05:39:14;DAMUSDT;SHORT;0.0517;0.0525;0.0504;0.0496;0.0525;-1.64;7.3
233;20.10.2025 05:39:14;DAMUSDT;SHORT;0.0517;0.0525;0.0504;0.0496;0.0525;-1.64;7.3
234;20.10.2025 07:44:42;TAOUSDT;SHORT;434.5100;438.7502;428.1497;423.9096;438.7502;-0.98;5.7
235;20.10.2025 07:44:42;TAOUSDT;SHORT;434.5100;438.7502;428.1497;423.9096;438.7502;-0.98;5.7
236;20.10.2025 07:53:08;SLERFUSDT;LONG;0.0705;0.0692;0.0725;0.0738;0.0692;-1.83;7.1
237;20.10.2025 07:53:08;SLERFUSDT;LONG;0.0705;0.0692;0.0725;0.0738;0.0692;-1.83;7.1
238;20.10.2025 08:23:34;XMRUSDT;SHORT;315.8200;317.1038;313.8943;312.6104;317.1038;-0.41;4.7
239;20.10.2025 08:23:34;XMRUSDT;SHORT;315.8200;317.1038;313.8943;312.6104;317.1038;-0.41;4.7
240;20.10.2025 08:23:59;ZECUSDT;LONG;245.8300;241.6520;252.0970;256.2750;241.6520;-1.70;7.6
241;20.10.2025 08:23:59;ZECUSDT;LONG;245.8300;241.6520;252.0970;256.2750;241.6520;-1.70;7.6
242;20.10.2025 09:06:33;EIGENUSDT;SHORT;1.1213;1.1340;1.1023;1.0897;1.1340;-1.13;10.0
243;20.10.2025 09:06:33;EIGENUSDT;SHORT;1.1213;1.1340;1.1023;1.0897;1.1340;-1.13;10.0
244;20.10.2025 09:41:13;BNBUSDT;LONG;1135.2200;1128.9725;1144.5913;1150.8388;1128.9725;-0.55;7.1
245;20.10.2025 09:41:13;BNBUSDT;LONG;1135.2200;1128.9725;1144.5913;1150.8388;1128.9725;-0.55;7.1
246;20.10.2025 14:04:47;BCHUSDT;LONG;482.7500;480.7886;485.6920;487.6534;480.7886;-0.41;12.6
247;20.10.2025 16:03:07;INUSDT;SHORT;0.1442;0.1456;0.1421;0.1407;0.1456;-0.97;7.3
248;20.10.2025 16:03:07;INUSDT;SHORT;0.1442;0.1456;0.1421;0.1407;0.1456;-0.97;7.3
249;20.10.2025 16:03:07;INUSDT;SHORT;0.1442;0.1456;0.1421;0.1407;0.1456;-0.97;7.3
250;20.10.2025 16:03:29;USELESSUSDT;SHORT;0.3382;0.3447;0.3284;0.3219;0.3447;-1.92;5.0
251;21.10.2025 03:18:58;XMRUSDT;SHORT;307.3200;309.5443;303.9836;301.7593;309.5443;-0.72;7.5
252;21.10.2025 03:18:58;XMRUSDT;SHORT;307.3200;309.5443;303.9836;301.7593;309.5443;-0.72;7.5
253;21.10.2025 03:18:58;XMRUSDT;SHORT;307.3200;309.5443;303.9836;301.7593;309.5443;-0.72;7.5
254;21.10.2025 03:40:08;MORPHOUSDT;LONG;1.9092;1.8224;1.9960;2.0828;1.8224;-4.55;3.8
255;21.10.2025 03:40:08;MORPHOUSDT;LONG;1.9092;1.8224;1.9960;2.0828;1.8224;-4.55;3.8
256;21.10.2025 03:40:08;MORPHOUSDT;LONG;1.9092;1.8224;1.9960;2.0828;1.8224;-4.55;3.8
257;21.10.2025 03:47:18;CELOUSDT;LONG;0.2490;0.2453;0.2527;0.2565;0.2453;-1.50;3.5
258;21.10.2025 03:47:48;PEOPLEUSDT;LONG;0.0127;0.0126;0.0128;0.0128;0.0126;-0.50;7.0
259;21.10.2025 03:47:48;PEOPLEUSDT;LONG;0.0127;0.0126;0.0128;0.0128;0.0126;-0.50;7.0
260;21.10.2025 03:47:48;PEOPLEUSDT;LONG;0.0127;0.0126;0.0128;0.0128;0.0126;-0.50;7.0
261;21.10.2025 03:47:49;MAGICUSDT;LONG;0.1486;0.1478;0.1499;0.1507;0.1478;-0.55;9.3
262;21.10.2025 03:47:49;MAGICUSDT;LONG;0.1486;0.1478;0.1499;0.1507;0.1478;-0.55;9.3
263;21.10.2025 03:47:49;MAGICUSDT;LONG;0.1486;0.1478;0.1499;0.1507;0.1478;-0.55;9.3
264;21.10.2025 03:48:21;TAOUSDT;LONG;425.5020;419.4062;431.5978;437.6935;419.4062;-1.43;4.5
265;21.10.2025 03:48:21;TAOUSDT;LONG;425.5020;419.4062;431.5978;437.6935;419.4062;-1.43;4.5
266;21.10.2025 04:13:40;PROVEUSDT;SHORT;0.7613;0.7670;0.7527;0.7470;0.7670;-0.75;6.1
267;21.10.2025 04:13:40;PROVEUSDT;SHORT;0.7613;0.7670;0.7527;0.7470;0.7670;-0.75;6.1
268;21.10.2025 04:13:40;PROVEUSDT;SHORT;0.7613;0.7670;0.7527;0.7470;0.7670;-0.75;6.1
269;21.10.2025 04:15:46;POLUSDT;LONG;0.2004;0.1996;0.2016;0.2024;0.1996;-0.40;4.7
270;21.10.2025 04:15:51;TAUSDT;LONG;0.0504;0.0498;0.0513;0.0519;0.0498;-1.16;3.5
271;21.10.2025 04:37:46;POLUSDT;LONG;0.2004;-;-;-;0.1996;-0.40;-
272;21.10.2025 04:52:35;CELOUSDT;LONG;0.2490;-;-;-;0.2453;-1.50;-
273;21.10.2025 04:52:35;CELOUSDT;LONG;0.2490;-;-;-;0.2453;-1.50;-
274;21.10.2025 04:53:40;TAUSDT;LONG;0.0504;-;-;-;0.0498;-1.16;-
275;21.10.2025 04:53:40;TAUSDT;LONG;0.0504;-;-;-;0.0498;-1.16;-
276;21.10.2025 05:11:01;TAOUSDT;LONG;425.5020;-;-;-;419.4062;-1.43;-
277;21.10.2025 05:11:01;TAOUSDT;LONG;425.5020;-;-;-;419.4062;-1.43;-
278;21.10.2025 05:33:46;PROVEUSDT;SHORT;0.7613;-;-;-;0.7670;-0.75;-
279;21.10.2025 05:33:46;PROVEUSDT;SHORT;0.7613;-;-;-;0.7670;-0.75;-
280;21.10.2025 05:40:51;TRBUSDT;LONG;26.1061;25.9044;26.4085;26.6101;25.9044;-0.77;6.8
281;21.10.2025 05:40:51;TRBUSDT;LONG;26.1061;25.9044;26.4085;26.6101;25.9044;-0.77;6.8
282;21.10.2025 05:40:51;TRBUSDT;LONG;26.1061;25.9044;26.4085;26.6101;25.9044;-0.77;6.8
283;21.10.2025 05:40:51;TRBUSDT;LONG;26.1061;25.9044;26.4085;26.6101;25.9044;-0.77;6.8
284;21.10.2025 05:40:51;TRBUSDT;LONG;26.1061;25.9044;26.4085;26.6101;25.9044;-0.77;6.8
285;21.10.2025 05:42:11;OGUSDT;LONG;18.0966;18.0110;18.2251;18.3107;18.0110;-0.47;4.1
286;21.10.2025 05:42:11;OGUSDT;LONG;18.0966;18.0110;18.2251;18.3107;18.0110;-0.47;4.1
287;21.10.2025 05:42:11;OGUSDT;LONG;18.0966;18.0110;18.2251;18.3107;18.0110;-0.47;4.1
288;21.10.2025 05:42:11;OGUSDT;LONG;18.0966;18.0110;18.2251;18.3107;18.0110;-0.47;4.1
289;21.10.2025 05:42:11;OGUSDT;LONG;18.0966;18.0110;18.2251;18.3107;18.0110;-0.47;4.1
290;21.10.2025 05:42:21;TAUSDT;LONG;0.0520;0.0513;0.0531;0.0538;0.0513;-1.39;4.0
291;21.10.2025 05:42:21;TAUSDT;LONG;0.0520;0.0513;0.0531;0.0538;0.0513;-1.39;4.0
292;21.10.2025 05:42:21;TAUSDT;LONG;0.0520;0.0513;0.0531;0.0538;0.0513;-1.39;4.0
293;21.10.2025 05:42:21;TAUSDT;LONG;0.0520;0.0513;0.0531;0.0538;0.0513;-1.39;4.0
294;21.10.2025 05:42:21;TAUSDT;LONG;0.0520;0.0513;0.0531;0.0538;0.0513;-1.39;4.0
295;21.10.2025 07:04:12;BTCUSDT;SHORT;108670.1401;111801.4304;105538.8498;102407.5595;111801.4304;-2.88;3.8
296;21.10.2025 07:04:12;BTCUSDT;SHORT;108670.1401;111801.4304;105538.8498;102407.5595;111801.4304;-2.88;3.8
297;21.10.2025 07:04:44;ARBUSDT;SHORT;0.3141;0.3293;0.2989;0.2836;0.3293;-4.85;3.8
298;21.10.2025 07:04:44;ARBUSDT;SHORT;0.3141;0.3293;0.2989;0.2836;0.3293;-4.85;3.8
299;21.10.2025 07:04:45;ORDIUSDT;SHORT;5.1660;5.4505;4.8815;4.5970;5.4505;-5.51;3.8
300;21.10.2025 07:04:45;ONDOUSDT;SHORT;0.7318;0.7759;0.6877;0.6435;0.7759;-6.03;3.8
301;21.10.2025 07:04:45;ORDIUSDT;SHORT;5.1660;5.4505;4.8815;4.5970;5.4505;-5.51;3.8
302;21.10.2025 07:04:45;ONDOUSDT;SHORT;0.7318;0.7759;0.6877;0.6435;0.7759;-6.03;3.8
303;21.10.2025 07:05:17;NILUSDT;SHORT;0.2838;0.2875;0.2782;0.2745;0.2875;-1.31;7.3
304;21.10.2025 07:05:17;NILUSDT;SHORT;0.2838;0.2875;0.2782;0.2745;0.2875;-1.31;7.3
305;21.10.2025 07:05:17;NILUSDT;SHORT;0.2838;0.2875;0.2782;0.2745;0.2875;-1.31;7.3
306;21.10.2025 07:05:17;NILUSDT;SHORT;0.2838;0.2875;0.2782;0.2745;0.2875;-1.31;7.3
307;21.10.2025 07:05:17;NILUSDT;SHORT;0.2838;0.2875;0.2782;0.2745;0.2875;-1.31;7.3
308;21.10.2025 07:05:24;TAUSDT;LONG;0.0495;0.0487;0.0507;0.0515;0.0487;-1.62;3.5
309;21.10.2025 07:05:24;TAUSDT;LONG;0.0495;0.0487;0.0507;0.0515;0.0487;-1.62;3.5
310;21.10.2025 07:05:24;TAUSDT;LONG;0.0495;0.0487;0.0507;0.0515;0.0487;-1.62;3.5
311;21.10.2025 07:05:24;TAUSDT;LONG;0.0495;0.0487;0.0507;0.0515;0.0487;-1.62;3.5
312;21.10.2025 07:05:24;TAUSDT;LONG;0.0495;0.0487;0.0507;0.0515;0.0487;-1.62;3.5
313;21.10.2025 07:16:30;SANDUSDT;SHORT;0.2077;0.2181;0.1974;0.1870;0.2181;-4.99;3.2
314;21.10.2025 07:16:30;SANDUSDT;SHORT;0.2077;0.2181;0.1974;0.1870;0.2181;-4.99;3.2
315;21.10.2025 07:16:57;TWTUSDT;SHORT;1.2716;1.2792;1.2602;1.2526;1.2792;-0.60;7.7
316;21.10.2025 07:16:57;TWTUSDT;SHORT;1.2716;1.2792;1.2602;1.2526;1.2792;-0.60;7.7
317;21.10.2025 07:16:57;TWTUSDT;SHORT;1.2716;1.2792;1.2602;1.2526;1.2792;-0.60;7.7
318;21.10.2025 07:16:57;TWTUSDT;SHORT;1.2716;1.2792;1.2602;1.2526;1.2792;-0.60;7.7
319;21.10.2025 07:16:57;TWTUSDT;SHORT;1.2716;1.2792;1.2602;1.2526;1.2792;-0.60;7.7
320;21.10.2025 07:17:31;MYXUSDT;LONG;2.7540;2.7185;2.8073;2.8428;2.7185;-1.29;5.2
321;21.10.2025 07:17:31;MYXUSDT;LONG;2.7540;2.7185;2.8073;2.8428;2.7185;-1.29;5.2
322;21.10.2025 07:17:31;MYXUSDT;LONG;2.7540;2.7185;2.8073;2.8428;2.7185;-1.29;5.2
323;21.10.2025 07:17:31;MYXUSDT;LONG;2.7540;2.7185;2.8073;2.8428;2.7185;-1.29;5.2
324;21.10.2025 07:17:31;MYXUSDT;LONG;2.7540;2.7185;2.8073;2.8428;2.7185;-1.29;5.2
325;21.10.2025 07:31:56;EDUUSDT;SHORT;0.1629;0.1646;0.1604;0.1588;0.1646;-1.02;11.0
326;21.10.2025 07:31:56;EDUUSDT;SHORT;0.1629;0.1646;0.1604;0.1588;0.1646;-1.02;11.0
327;21.10.2025 07:31:56;EDUUSDT;SHORT;0.1629;0.1646;0.1604;0.1588;0.1646;-1.02;11.0
328;21.10.2025 07:31:56;EDUUSDT;SHORT;0.1629;0.1646;0.1604;0.1588;0.1646;-1.02;11.0
329;21.10.2025 07:31:56;EDUUSDT;SHORT;0.1629;0.1646;0.1604;0.1588;0.1646;-1.02;11.0
330;21.10.2025 07:46:29;XMRUSDT;SHORT;302.9000;305.2402;299.3897;297.0496;305.2402;-0.77;7.3
331;21.10.2025 07:46:29;XMRUSDT;SHORT;302.9000;305.2402;299.3897;297.0496;305.2402;-0.77;7.3
332;21.10.2025 07:46:29;XMRUSDT;SHORT;302.9000;305.2402;299.3897;297.0496;305.2402;-0.77;7.3
333;21.10.2025 07:46:29;XMRUSDT;SHORT;302.9000;305.2402;299.3897;297.0496;305.2402;-0.77;7.3
334;21.10.2025 07:46:29;XMRUSDT;SHORT;302.9000;305.2402;299.3897;297.0496;305.2402;-0.77;7.3
335;21.10.2025 07:47:25;TRUMPUSDT;SHORT;5.8367;5.8589;5.8033;5.7810;5.8589;-0.38;10.3
336;21.10.2025 07:47:25;BERAUSDT;SHORT;1.8683;1.8869;1.8403;1.8216;1.8869;-1.00;10.5
337;21.10.2025 07:47:25;TRUMPUSDT;SHORT;5.8367;5.8589;5.8033;5.7810;5.8589;-0.38;10.3
338;21.10.2025 07:47:25;BERAUSDT;SHORT;1.8683;1.8869;1.8403;1.8216;1.8869;-1.00;10.5
339;21.10.2025 07:47:25;TRUMPUSDT;SHORT;5.8367;5.8589;5.8033;5.7810;5.8589;-0.38;10.3
340;21.10.2025 07:47:25;BERAUSDT;SHORT;1.8683;1.8869;1.8403;1.8216;1.8869;-1.00;10.5
341;21.10.2025 07:47:25;TRUMPUSDT;SHORT;5.8367;5.8589;5.8033;5.7810;5.8589;-0.38;10.3
342;21.10.2025 07:47:25;BERAUSDT;SHORT;1.8683;1.8869;1.8403;1.8216;1.8869;-1.00;10.5
343;21.10.2025 07:47:25;TRUMPUSDT;SHORT;5.8367;5.8589;5.8033;5.7810;5.8589;-0.38;10.3
344;21.10.2025 07:47:25;BERAUSDT;SHORT;1.8683;1.8869;1.8403;1.8216;1.8869;-1.00;10.5
345;21.10.2025 08:02:32;ATOMUSDT;SHORT;3.1810;3.1970;3.1570;3.1409;3.1970;-0.50;12.8
346;21.10.2025 08:02:32;DOTUSDT;SHORT;2.9607;2.9783;2.9342;2.9166;2.9783;-0.60;12.8
347;21.10.2025 08:02:32;ATOMUSDT;SHORT;3.1810;3.1970;3.1570;3.1409;3.1970;-0.50;12.8
348;21.10.2025 08:02:32;DOTUSDT;SHORT;2.9607;2.9783;2.9342;2.9166;2.9783;-0.60;12.8
349;21.10.2025 08:02:32;ATOMUSDT;SHORT;3.1810;3.1970;3.1570;3.1409;3.1970;-0.50;12.8
350;21.10.2025 08:02:32;DOTUSDT;SHORT;2.9607;2.9783;2.9342;2.9166;2.9783;-0.60;12.8
351;21.10.2025 08:02:32;ATOMUSDT;SHORT;3.1810;3.1970;3.1570;3.1409;3.1970;-0.50;12.8
352;21.10.2025 08:02:32;DOTUSDT;SHORT;2.9607;2.9783;2.9342;2.9166;2.9783;-0.60;12.8
353;21.10.2025 08:02:32;ATOMUSDT;SHORT;3.1810;3.1970;3.1570;3.1409;3.1970;-0.50;12.8
354;21.10.2025 08:02:32;DOTUSDT;SHORT;2.9607;2.9783;2.9342;2.9166;2.9783;-0.60;12.8
355;21.10.2025 08:03:03;PENDLEUSDT;SHORT;3.0859;3.1070;3.0543;3.0333;3.1070;-0.68;12.8
356;21.10.2025 08:03:03;PENDLEUSDT;SHORT;3.0859;3.1070;3.0543;3.0333;3.1070;-0.68;12.8
357;21.10.2025 08:03:03;PENDLEUSDT;SHORT;3.0859;3.1070;3.0543;3.0333;3.1070;-0.68;12.8
358;21.10.2025 08:03:03;PENDLEUSDT;SHORT;3.0859;3.1070;3.0543;3.0333;3.1070;-0.68;12.8
359;21.10.2025 08:03:03;PENDLEUSDT;SHORT;3.0859;3.1070;3.0543;3.0333;3.1070;-0.68;12.8
360;21.10.2025 08:03:35;B2USDT;SHORT;1.6581;1.6846;1.6183;1.5918;1.6846;-1.60;11.6
361;21.10.2025 08:03:35;MORPHOUSDT;SHORT;1.8285;1.8443;1.8048;1.7891;1.8443;-0.86;6.1
362;21.10.2025 08:03:35;PENGUUSDT;SHORT;0.0214;0.0215;0.0211;0.0210;0.0215;-0.76;12.3
363;21.10.2025 08:03:35;NILUSDT;SHORT;0.2833;0.2879;0.2763;0.2717;0.2879;-1.63;7.2
364;21.10.2025 08:03:35;B2USDT;SHORT;1.6581;1.6846;1.6183;1.5918;1.6846;-1.60;11.6
365;21.10.2025 08:03:35;MORPHOUSDT;SHORT;1.8285;1.8443;1.8048;1.7891;1.8443;-0.86;6.1
366;21.10.2025 08:03:35;PENGUUSDT;SHORT;0.0214;0.0215;0.0211;0.0210;0.0215;-0.76;12.3
367;21.10.2025 08:03:35;NILUSDT;SHORT;0.2833;0.2879;0.2763;0.2717;0.2879;-1.63;7.2
368;21.10.2025 08:03:35;B2USDT;SHORT;1.6581;1.6846;1.6183;1.5918;1.6846;-1.60;11.6
369;21.10.2025 08:03:35;MORPHOUSDT;SHORT;1.8285;1.8443;1.8048;1.7891;1.8443;-0.86;6.1
370;21.10.2025 08:03:35;PENGUUSDT;SHORT;0.0214;0.0215;0.0211;0.0210;0.0215;-0.76;12.3
371;21.10.2025 08:03:35;NILUSDT;SHORT;0.2833;0.2879;0.2763;0.2717;0.2879;-1.63;7.2
372;21.10.2025 08:03:35;B2USDT;SHORT;1.6581;1.6846;1.6183;1.5918;1.6846;-1.60;11.6
373;21.10.2025 08:03:35;MORPHOUSDT;SHORT;1.8285;1.8443;1.8048;1.7891;1.8443;-0.86;6.1
374;21.10.2025 08:03:35;PENGUUSDT;SHORT;0.0214;0.0215;0.0211;0.0210;0.0215;-0.76;12.3
375;21.10.2025 08:03:35;NILUSDT;SHORT;0.2833;0.2879;0.2763;0.2717;0.2879;-1.63;7.2
376;21.10.2025 08:03:35;B2USDT;SHORT;1.6581;1.6846;1.6183;1.5918;1.6846;-1.60;11.6
377;21.10.2025 08:03:35;MORPHOUSDT;SHORT;1.8285;1.8443;1.8048;1.7891;1.8443;-0.86;6.1
378;21.10.2025 08:03:35;PENGUUSDT;SHORT;0.0214;0.0215;0.0211;0.0210;0.0215;-0.76;12.3
379;21.10.2025 08:03:35;NILUSDT;SHORT;0.2833;0.2879;0.2763;0.2717;0.2879;-1.63;7.2
380;21.10.2025 08:12:55;MORPHOUSDT;LONG;1.9092;-;-;-;1.8224;-4.55;-
381;21.10.2025 08:12:55;MORPHOUSDT;LONG;1.9092;-;-;-;1.8224;-4.55;-
382;21.10.2025 08:33:07;MORPHOUSDT;SHORT;1.8472;1.8634;1.8229;1.8067;1.8634;-0.88;6.1
383;21.10.2025 08:33:07;MORPHOUSDT;SHORT;1.8472;1.8634;1.8229;1.8067;1.8634;-0.88;6.1
384;21.10.2025 08:33:07;MORPHOUSDT;SHORT;1.8472;1.8634;1.8229;1.8067;1.8634;-0.88;6.1
385;21.10.2025 08:33:07;MORPHOUSDT;SHORT;1.8472;1.8634;1.8229;1.8067;1.8634;-0.88;6.1
386;21.10.2025 08:33:07;MORPHOUSDT;SHORT;1.8472;1.8634;1.8229;1.8067;1.8634;-0.88;6.1
387;21.10.2025 08:47:06;XMRUSDT;SHORT;305.5400;307.7668;302.1997;299.9729;307.7668;-0.73;7.3
388;21.10.2025 08:47:06;XMRUSDT;SHORT;305.5400;307.7668;302.1997;299.9729;307.7668;-0.73;7.3
389;21.10.2025 08:47:06;XMRUSDT;SHORT;305.5400;307.7668;302.1997;299.9729;307.7668;-0.73;7.3
390;21.10.2025 08:47:06;XMRUSDT;SHORT;305.5400;307.7668;302.1997;299.9729;307.7668;-0.73;7.3
391;21.10.2025 08:47:06;XMRUSDT;SHORT;305.5400;307.7668;302.1997;299.9729;307.7668;-0.73;7.3
392;21.10.2025 08:47:34;ENAUSDT;SHORT;0.4472;0.4508;0.4417;0.4380;0.4508;-0.82;4.5
393;21.10.2025 08:47:34;ENAUSDT;SHORT;0.4472;0.4508;0.4417;0.4380;0.4508;-0.82;4.5
394;21.10.2025 08:47:34;ENAUSDT;SHORT;0.4472;0.4508;0.4417;0.4380;0.4508;-0.82;4.5
395;21.10.2025 08:47:34;ENAUSDT;SHORT;0.4472;0.4508;0.4417;0.4380;0.4508;-0.82;4.5
396;21.10.2025 08:47:34;ENAUSDT;SHORT;0.4472;0.4508;0.4417;0.4380;0.4508;-0.82;4.5
397;21.10.2025 10:03:27;BERAUSDT;SHORT;1.8940;1.9121;1.8668;1.8487;1.9121;-0.96;11.8
398;21.10.2025 10:03:27;BERAUSDT;SHORT;1.8940;1.9121;1.8668;1.8487;1.9121;-0.96;11.8
399;21.10.2025 10:03:27;BERAUSDT;SHORT;1.8940;1.9121;1.8668;1.8487;1.9121;-0.96;11.8
400;21.10.2025 10:03:27;BERAUSDT;SHORT;1.8940;1.9121;1.8668;1.8487;1.9121;-0.96;11.8
401;21.10.2025 10:03:27;BERAUSDT;SHORT;1.8940;1.9121;1.8668;1.8487;1.9121;-0.96;11.8
402;21.10.2025 10:17:24;OGUSDT;SHORT;17.9644;18.0646;17.8141;17.7139;18.0646;-0.56;6.6
403;21.10.2025 10:17:24;OGUSDT;SHORT;17.9644;18.0646;17.8141;17.7139;18.0646;-0.56;6.6
404;21.10.2025 10:17:24;OGUSDT;SHORT;17.9644;18.0646;17.8141;17.7139;18.0646;-0.56;6.6
405;21.10.2025 10:17:24;OGUSDT;SHORT;17.9644;18.0646;17.8141;17.7139;18.0646;-0.56;6.6
406;21.10.2025 10:33:05;IPUSDT;SHORT;5.3310;5.3719;5.2696;5.2287;5.3719;-0.77;6.0
407;21.10.2025 10:33:05;IPUSDT;SHORT;5.3310;5.3719;5.2696;5.2287;5.3719;-0.77;6.0
408;21.10.2025 10:33:05;IPUSDT;SHORT;5.3310;5.3719;5.2696;5.2287;5.3719;-0.77;6.0
409;21.10.2025 10:33:05;IPUSDT;SHORT;5.3310;5.3719;5.2696;5.2287;5.3719;-0.77;6.0
410;21.10.2025 11:05:09;ZEREBROUSDT;LONG;0.0407;0.0375;0.0438;0.0470;0.0375;-7.75;3.8
411;21.10.2025 11:47:32;TRXUSDT;SHORT;0.3199;0.3206;0.3188;0.3181;0.3206;-0.22;5.9
412;21.10.2025 11:47:32;TRXUSDT;SHORT;0.3199;0.3206;0.3188;0.3181;0.3206;-0.22;5.9
413;21.10.2025 11:47:32;TRXUSDT;SHORT;0.3199;0.3206;0.3188;0.3181;0.3206;-0.22;5.9
414;21.10.2025 11:47:32;TRXUSDT;SHORT;0.3199;0.3206;0.3188;0.3181;0.3206;-0.22;5.9
415;21.10.2025 11:48:26;MORPHOUSDT;SHORT;1.8577;1.8731;1.8347;1.8193;1.8731;-0.83;5.3
416;21.10.2025 11:48:26;MERLUSDT;SHORT;0.3267;0.3293;0.3228;0.3202;0.3293;-0.80;3.6
417;21.10.2025 11:48:26;MORPHOUSDT;SHORT;1.8577;1.8731;1.8347;1.8193;1.8731;-0.83;5.3
418;21.10.2025 11:48:26;MERLUSDT;SHORT;0.3267;0.3293;0.3228;0.3202;0.3293;-0.80;3.6
419;21.10.2025 11:48:26;MORPHOUSDT;SHORT;1.8577;1.8731;1.8347;1.8193;1.8731;-0.83;5.3
420;21.10.2025 11:48:26;MERLUSDT;SHORT;0.3267;0.3293;0.3228;0.3202;0.3293;-0.80;3.6
421;21.10.2025 11:48:26;MORPHOUSDT;SHORT;1.8577;1.8731;1.8347;1.8193;1.8731;-0.83;5.3
422;21.10.2025 11:48:26;MERLUSDT;SHORT;0.3267;0.3293;0.3228;0.3202;0.3293;-0.80;3.6
423;21.10.2025 12:03:26;WLFIUSDT;SHORT;0.1260;0.1270;0.1245;0.1235;0.1270;-0.79;12.0
424;21.10.2025 12:03:26;WLFIUSDT;SHORT;0.1260;0.1270;0.1245;0.1235;0.1270;-0.79;12.0
425;21.10.2025 12:03:26;WLFIUSDT;SHORT;0.1260;0.1270;0.1245;0.1235;0.1270;-0.79;12.0
426;21.10.2025 12:03:26;WLFIUSDT;SHORT;0.1260;0.1270;0.1245;0.1235;0.1270;-0.79;12.0
427;21.10.2025 12:03:53;LTCUSDT;SHORT;91.8300;95.2746;88.3854;84.9408;95.2746;-3.75;4.8
428;21.10.2025 12:03:53;FILUSDT;SHORT;1.5320;1.6334;1.4306;1.3292;1.6334;-6.62;5.2
429;21.10.2025 12:03:53;LTCUSDT;SHORT;91.8300;95.2746;88.3854;84.9408;95.2746;-3.75;4.8
430;21.10.2025 12:03:53;FILUSDT;SHORT;1.5320;1.6334;1.4306;1.3292;1.6334;-6.62;5.2
431;21.10.2025 12:04:24;PHBUSDT;SHORT;0.5221;0.5274;0.5141;0.5088;0.5274;-1.02;7.3
432;21.10.2025 12:04:24;PHBUSDT;SHORT;0.5221;0.5274;0.5141;0.5088;0.5274;-1.02;7.3
433;21.10.2025 12:04:24;PHBUSDT;SHORT;0.5221;0.5274;0.5141;0.5088;0.5274;-1.02;7.3
434;21.10.2025 12:04:24;PHBUSDT;SHORT;0.5221;0.5274;0.5141;0.5088;0.5274;-1.02;7.3
435;21.10.2025 13:04:16;KASUSDT;SHORT;0.0515;0.0520;0.0509;0.0505;0.0520;-0.82;12.0
436;21.10.2025 13:04:16;KASUSDT;SHORT;0.0515;0.0520;0.0509;0.0505;0.0520;-0.82;12.0
437;21.10.2025 13:04:16;KASUSDT;SHORT;0.0515;0.0520;0.0509;0.0505;0.0520;-0.82;12.0
438;21.10.2025 13:04:16;KASUSDT;SHORT;0.0515;0.0520;0.0509;0.0505;0.0520;-0.82;12.0
439;21.10.2025 13:04:47;IPUSDT;SHORT;5.3550;5.3988;5.2892;5.2454;5.3988;-0.82;6.0
440;21.10.2025 13:04:47;IPUSDT;SHORT;5.3550;5.3988;5.2892;5.2454;5.3988;-0.82;6.0
441;21.10.2025 13:04:47;IPUSDT;SHORT;5.3550;5.3988;5.2892;5.2454;5.3988;-0.82;6.0
442;21.10.2025 13:04:47;IPUSDT;SHORT;5.3550;5.3988;5.2892;5.2454;5.3988;-0.82;6.0
443;21.10.2025 13:17:39;TRXUSDT;LONG;0.3208;0.3201;0.3217;0.3223;0.3201;-0.20;8.4
444;21.10.2025 13:17:39;TRXUSDT;LONG;0.3208;0.3201;0.3217;0.3223;0.3201;-0.20;8.4
445;21.10.2025 13:17:39;TRXUSDT;LONG;0.3208;0.3201;0.3217;0.3223;0.3201;-0.20;8.4
446;21.10.2025 13:17:39;TRXUSDT;LONG;0.3208;0.3201;0.3217;0.3223;0.3201;-0.20;8.4
447;21.10.2025 13:17:40;SUSHIUSDT;SHORT;0.5263;0.5297;0.5212;0.5178;0.5297;-0.64;6.0
448;21.10.2025 13:17:40;SUSHIUSDT;SHORT;0.5263;0.5297;0.5212;0.5178;0.5297;-0.64;6.0
449;21.10.2025 13:17:40;SUSHIUSDT;SHORT;0.5263;0.5297;0.5212;0.5178;0.5297;-0.64;6.0
450;21.10.2025 13:17:40;SUSHIUSDT;SHORT;0.5263;0.5297;0.5212;0.5178;0.5297;-0.64;6.0
451;21.10.2025 13:18:09;TWTUSDT;SHORT;1.2732;1.2799;1.2632;1.2566;1.2799;-0.52;7.8
452;21.10.2025 13:18:09;TWTUSDT;SHORT;1.2732;1.2799;1.2632;1.2566;1.2799;-0.52;7.8
453;21.10.2025 13:18:09;TWTUSDT;SHORT;1.2732;1.2799;1.2632;1.2566;1.2799;-0.52;7.8
454;21.10.2025 13:18:09;TWTUSDT;SHORT;1.2732;1.2799;1.2632;1.2566;1.2799;-0.52;7.8
455;21.10.2025 13:18:39;B2USDT;LONG;1.7648;1.7349;1.8097;1.8396;1.7349;-1.70;12.0
456;21.10.2025 13:18:39;B2USDT;LONG;1.7648;1.7349;1.8097;1.8396;1.7349;-1.70;12.0
457;21.10.2025 13:18:39;B2USDT;LONG;1.7648;1.7349;1.8097;1.8396;1.7349;-1.70;12.0
458;21.10.2025 13:18:39;B2USDT;LONG;1.7648;1.7349;1.8097;1.8396;1.7349;-1.70;12.0
459;21.10.2025 13:49:25;MERLUSDT;SHORT;0.3306;0.3334;0.3265;0.3237;0.3334;-0.83;7.2
460;21.10.2025 13:49:25;MERLUSDT;SHORT;0.3306;0.3334;0.3265;0.3237;0.3334;-0.83;7.2
461;21.10.2025 13:49:25;MERLUSDT;SHORT;0.3306;0.3334;0.3265;0.3237;0.3334;-0.83;7.2
462;21.10.2025 13:49:25;MERLUSDT;SHORT;0.3306;0.3334;0.3265;0.3237;0.3334;-0.83;7.2
463;21.10.2025 14:03:11;ZORAUSDT;LONG;0.1055;0.1026;0.1098;0.1127;0.1026;-2.73;6.2
464;21.10.2025 14:03:11;ZORAUSDT;LONG;0.1055;0.1026;0.1098;0.1127;0.1026;-2.73;6.2
465;21.10.2025 14:03:11;ZORAUSDT;LONG;0.1055;0.1026;0.1098;0.1127;0.1026;-2.73;6.2
466;21.10.2025 14:03:12;LINEAUSDT;SHORT;0.0158;0.0160;0.0156;0.0155;0.0160;-0.88;10.0
467;21.10.2025 14:03:12;LINEAUSDT;SHORT;0.0158;0.0160;0.0156;0.0155;0.0160;-0.88;10.0
468;21.10.2025 14:03:12;LINEAUSDT;SHORT;0.0158;0.0160;0.0156;0.0155;0.0160;-0.88;10.0
469;21.10.2025 14:03:12;LINEAUSDT;SHORT;0.0158;0.0160;0.0156;0.0155;0.0160;-0.88;10.0
470;21.10.2025 14:04:46;TAOUSDT;SHORT;403.2531;406.8963;397.7882;394.1450;406.8963;-0.90;5.8
471;21.10.2025 14:04:46;TAOUSDT;SHORT;403.2531;406.8963;397.7882;394.1450;406.8963;-0.90;5.8
472;21.10.2025 14:04:46;TAOUSDT;SHORT;403.2531;406.8963;397.7882;394.1450;406.8963;-0.90;5.8
473;21.10.2025 14:17:11;HEMIUSDT;LONG;0.0599;0.0593;0.0604;0.0610;0.0593;-0.91;4.5
474;21.10.2025 14:17:11;HEMIUSDT;LONG;0.0599;0.0593;0.0604;0.0610;0.0593;-0.91;4.5
475;21.10.2025 14:17:11;HEMIUSDT;LONG;0.0599;0.0593;0.0604;0.0610;0.0593;-0.91;4.5
476;21.10.2025 14:17:11;HEMIUSDT;LONG;0.0599;0.0593;0.0604;0.0610;0.0593;-0.91;4.5
477;21.10.2025 14:33:46;PLUMEUSDT;SHORT;0.0721;0.0725;0.0714;0.0709;0.0725;-0.65;7.0
478;21.10.2025 14:33:46;PLUMEUSDT;SHORT;0.0721;0.0725;0.0714;0.0709;0.0725;-0.65;7.0
479;21.10.2025 14:33:46;PLUMEUSDT;SHORT;0.0721;0.0725;0.0714;0.0709;0.0725;-0.65;7.0
480;21.10.2025 14:33:46;PLUMEUSDT;SHORT;0.0721;0.0725;0.0714;0.0709;0.0725;-0.65;7.0
481;21.10.2025 14:47:39;XMRUSDT;LONG;313.5118;311.3206;316.7986;318.9898;311.3206;-0.70;8.3
482;21.10.2025 14:47:39;XMRUSDT;LONG;313.5118;311.3206;316.7986;318.9898;311.3206;-0.70;8.3
483;21.10.2025 14:47:39;XMRUSDT;LONG;313.5118;311.3206;316.7986;318.9898;311.3206;-0.70;8.3
484;21.10.2025 14:48:07;UMAUSDT;LONG;1.1812;1.1730;1.1936;1.2018;1.1730;-0.70;8.2
485;21.10.2025 14:48:07;UMAUSDT;LONG;1.1812;1.1730;1.1936;1.2018;1.1730;-0.70;8.2
486;21.10.2025 14:48:07;UMAUSDT;LONG;1.1812;1.1730;1.1936;1.2018;1.1730;-0.70;8.2
487;21.10.2025 15:18:13;TWTUSDT;SHORT;1.2811;1.2875;1.2715;1.2651;1.2875;-0.50;5.8
488;21.10.2025 15:18:13;TWTUSDT;SHORT;1.2811;1.2875;1.2715;1.2651;1.2875;-0.50;5.8
489;21.10.2025 15:18:13;TWTUSDT;SHORT;1.2811;1.2875;1.2715;1.2651;1.2875;-0.50;5.8
490;21.10.2025 15:18:45;NILUSDT;SHORT;0.2678;0.2719;0.2616;0.2575;0.2719;-1.54;4.1
491;21.10.2025 15:18:45;NILUSDT;SHORT;0.2678;0.2719;0.2616;0.2575;0.2719;-1.54;4.1
492;21.10.2025 15:18:45;NILUSDT;SHORT;0.2678;0.2719;0.2616;0.2575;0.2719;-1.54;4.1
493;21.10.2025 15:32:12;AVNTUSDT;LONG;0.5957;0.5791;0.6206;0.6372;0.5791;-2.79;10.8
494;21.10.2025 15:32:12;AVNTUSDT;LONG;0.5957;0.5791;0.6206;0.6372;0.5791;-2.79;10.8
495;21.10.2025 15:32:12;AVNTUSDT;LONG;0.5957;0.5791;0.6206;0.6372;0.5791;-2.79;10.8
496;21.10.2025 15:33:13;WIFUSDT;LONG;0.5281;0.5248;0.5331;0.5365;0.5248;-0.63;7.5
497;21.10.2025 15:33:13;WIFUSDT;LONG;0.5281;0.5248;0.5331;0.5365;0.5248;-0.63;7.5
498;21.10.2025 15:33:13;WIFUSDT;LONG;0.5281;0.5248;0.5331;0.5365;0.5248;-0.63;7.5
499;21.10.2025 15:47:20;XPLUSDT;LONG;0.3949;0.3907;0.4012;0.4054;0.3907;-1.06;7.1
500;21.10.2025 15:47:20;XPLUSDT;LONG;0.3949;0.3907;0.4012;0.4054;0.3907;-1.06;7.1
501;21.10.2025 15:47:20;XPLUSDT;LONG;0.3949;0.3907;0.4012;0.4054;0.3907;-1.06;7.1
502;21.10.2025 15:47:54;XRPUSDT;LONG;2.4371;2.4259;2.4539;2.4650;2.4259;-0.46;7.6
503;21.10.2025 15:47:54;XRPUSDT;LONG;2.4371;2.4259;2.4539;2.4650;2.4259;-0.46;7.6
504;21.10.2025 15:47:54;XRPUSDT;LONG;2.4371;2.4259;2.4539;2.4650;2.4259;-0.46;7.6
505;21.10.2025 15:47:55;LTCUSDT;LONG;93.5200;93.1013;94.1481;94.5668;93.1013;-0.45;10.8
506;21.10.2025 15:47:55;NEARUSDT;LONG;2.2520;2.2372;2.2742;2.2890;2.2372;-0.66;7.0
507;21.10.2025 15:47:55;SANDUSDT;LONG;0.2119;0.2106;0.2137;0.2149;0.2106;-0.58;7.2
508;21.10.2025 15:47:55;CRVUSDT;LONG;0.5414;0.5368;0.5484;0.5530;0.5368;-0.86;7.5
509;21.10.2025 15:47:55;LTCUSDT;LONG;93.5200;93.1013;94.1481;94.5668;93.1013;-0.45;10.8
510;21.10.2025 15:47:55;NEARUSDT;LONG;2.2520;2.2372;2.2742;2.2890;2.2372;-0.66;7.0
511;21.10.2025 15:47:55;SANDUSDT;LONG;0.2119;0.2106;0.2137;0.2149;0.2106;-0.58;7.2
512;21.10.2025 15:47:55;CRVUSDT;LONG;0.5414;0.5368;0.5484;0.5530;0.5368;-0.86;7.5
513;21.10.2025 15:47:55;LTCUSDT;LONG;93.5200;93.1013;94.1481;94.5668;93.1013;-0.45;10.8
514;21.10.2025 15:47:55;NEARUSDT;LONG;2.2520;2.2372;2.2742;2.2890;2.2372;-0.66;7.0
515;21.10.2025 15:47:55;SANDUSDT;LONG;0.2119;0.2106;0.2137;0.2149;0.2106;-0.58;7.2
516;21.10.2025 15:47:55;CRVUSDT;LONG;0.5414;0.5368;0.5484;0.5530;0.5368;-0.86;7.5
517;21.10.2025 15:48:31;CFXUSDT;LONG;0.1113;0.1107;0.1123;0.1129;0.1107;-0.58;7.1
518;21.10.2025 15:48:31;CFXUSDT;LONG;0.1113;0.1107;0.1123;0.1129;0.1107;-0.58;7.1
519;21.10.2025 15:48:31;CFXUSDT;LONG;0.1113;0.1107;0.1123;0.1129;0.1107;-0.58;7.1
520;21.10.2025 16:04:14;NEARUSDT;LONG;2.2378;2.2226;2.2607;2.2759;2.2226;-0.68;7.3
521;21.10.2025 16:04:14;NEARUSDT;LONG;2.2378;2.2226;2.2607;2.2759;2.2226;-0.68;7.3
522;21.10.2025 16:04:14;NEARUSDT;LONG;2.2378;2.2226;2.2607;2.2759;2.2226;-0.68;7.3
523;21.10.2025 16:04:59;1000FLOKIUSDT;LONG;0.0750;0.0742;0.0761;0.0768;0.0742;-0.99;12.8
524;21.10.2025 16:04:59;JUPUSDT;SHORT;0.3551;0.3739;0.3363;0.3175;0.3739;-5.30;4.2
525;21.10.2025 16:04:59;1000FLOKIUSDT;LONG;0.0750;0.0742;0.0761;0.0768;0.0742;-0.99;12.8
526;21.10.2025 16:04:59;JUPUSDT;SHORT;0.3551;0.3739;0.3363;0.3175;0.3739;-5.30;4.2
527;21.10.2025 16:04:59;1000FLOKIUSDT;LONG;0.0750;0.0742;0.0761;0.0768;0.0742;-0.99;12.8
528;21.10.2025 16:17:46;AAVEUSDT;LONG;221.9800;220.4643;223.4957;225.0115;220.4643;-0.68;3.5
529;21.10.2025 16:17:46;AAVEUSDT;LONG;221.9800;220.4643;223.4957;225.0115;220.4643;-0.68;3.5
530;21.10.2025 16:17:46;AAVEUSDT;LONG;221.9800;220.4643;223.4957;225.0115;220.4643;-0.68;3.5
531;21.10.2025 16:17:47;AVAXUSDT;LONG;19.9840;19.8722;20.1517;20.2635;19.8722;-0.56;10.5
532;21.10.2025 16:17:47;AVAXUSDT;LONG;19.9840;19.8722;20.1517;20.2635;19.8722;-0.56;10.5
533;21.10.2025 16:17:47;AVAXUSDT;LONG;19.9840;19.8722;20.1517;20.2635;19.8722;-0.56;10.5
534;21.10.2025 16:18:21;ENSUSDT;LONG;15.3710;15.2741;15.5163;15.6132;15.2741;-0.63;11.2
535;21.10.2025 16:18:21;ENSUSDT;LONG;15.3710;15.2741;15.5163;15.6132;15.2741;-0.63;11.2
536;21.10.2025 16:18:21;ENSUSDT;LONG;15.3710;15.2741;15.5163;15.6132;15.2741;-0.63;11.2
537;21.10.2025 16:18:22;1000BONKUSDT;LONG;0.0146;0.0145;0.0147;0.0148;0.0145;-0.71;7.6
538;21.10.2025 16:18:22;1000BONKUSDT;LONG;0.0146;0.0145;0.0147;0.0148;0.0145;-0.71;7.6
539;21.10.2025 16:18:22;1000BONKUSDT;LONG;0.0146;0.0145;0.0147;0.0148;0.0145;-0.71;7.6
540;21.10.2025 16:18:55;DOODUSDT;SHORT;0.0062;0.0062;0.0061;0.0060;0.0062;-1.11;7.3
541;21.10.2025 16:18:55;DOODUSDT;SHORT;0.0062;0.0062;0.0061;0.0060;0.0062;-1.11;7.3
542;21.10.2025 16:18:55;DOODUSDT;SHORT;0.0062;0.0062;0.0061;0.0060;0.0062;-1.11;7.3
543;21.10.2025 16:34:06;AGTUSDT;LONG;0.0043;0.0043;0.0044;0.0045;0.0043;-1.61;8.1
544;21.10.2025 16:34:06;AGTUSDT;LONG;0.0043;0.0043;0.0044;0.0045;0.0043;-1.77;8.1
545;21.10.2025 16:34:06;AGTUSDT;LONG;0.0043;0.0043;0.0044;0.0045;0.0043;-1.61;8.1
546;21.10.2025 16:34:06;AGTUSDT;LONG;0.0043;0.0043;0.0044;0.0045;0.0043;-1.77;8.1
547;21.10.2025 16:34:06;AGTUSDT;LONG;0.0043;0.0043;0.0044;0.0045;0.0043;-1.61;8.1
548;21.10.2025 16:34:06;AGTUSDT;LONG;0.0043;0.0043;0.0044;0.0045;0.0043;-1.77;8.1
549;21.10.2025 17:18:18;MEMEUSDT;LONG;0.0017;0.0017;0.0017;0.0018;0.0017;-0.74;7.6
550;21.10.2025 17:18:18;MEMEUSDT;LONG;0.0017;0.0017;0.0017;0.0018;0.0017;-0.74;7.6
551;21.10.2025 17:18:18;MEMEUSDT;LONG;0.0017;0.0017;0.0017;0.0018;0.0017;-0.74;7.6
552;21.10.2025 17:18:53;NEIROUSDT;LONG;0.0002;0.0002;0.0002;0.0002;0.0002;-0.81;7.6
553;21.10.2025 17:18:53;NEIROUSDT;LONG;0.0002;0.0002;0.0002;0.0002;0.0002;-0.81;7.6
554;21.10.2025 17:18:53;NEIROUSDT;LONG;0.0002;0.0002;0.0002;0.0002;0.0002;-0.81;7.6
555;21.10.2025 17:19:00;GRTUSDT;LONG;0.0663;0.0658;0.0671;0.0676;0.0658;-0.76;10.8
556;21.10.2025 17:19:00;GRTUSDT;LONG;0.0663;0.0658;0.0671;0.0676;0.0658;-0.76;10.8
557;21.10.2025 17:19:00;GRTUSDT;LONG;0.0663;0.0658;0.0671;0.0676;0.0658;-0.76;10.8
558;21.10.2025 19:26:41;JUPUSDT;SHORT;0.3551;-;-;-;0.3739;-5.30;-
559;21.10.2025 19:59:52;ZORAUSDT;LONG;0.1099;0.1067;0.1147;0.1180;0.1067;-2.93;8.7
560;21.10.2025 19:59:52;AVNTUSDT;LONG;0.6634;0.6451;0.6909;0.7093;0.6451;-2.77;13.5
561;21.10.2025 20:43:13;TAOUSDT;LONG;410.8000;403.3701;421.9449;429.3748;403.3701;-1.81;6.6